model_role,checkpoint_path,checkpoint_sha256,training_kimg,n_samples,memorized_count,memorization_rate,ci95_low,ci95_high,eligible,eligibility_reason,n_failures,status
edm_1k,/mnt/pixstor/data/xggh8/zw-lab/exp_004_standard_edm_n1000_40000kimg_20260415/network-snapshot-000000.pkl,841fa73da1d4a2e701afe9e50583dae3932d43b0372bebb134f079b70e8f9de9,0,128,0,0.0,0.0,0.028408053443543857,False,count_outside_13_through_115,0,complete
edm_1k,/mnt/pixstor/data/xggh8/zw-lab/exp_004_standard_edm_n1000_40000kimg_20260415/network-snapshot-002000.pkl,3ed209dd1b79e56a4e95d81d21400bdbc2c73e95c7a9d76d49aba0c859ff2258,2000,128,17,0.1328125,0.0793109539228018,0.2041108024359642,True,count_in_13_through_115,0,complete
edm_1k,/mnt/pixstor/data/xggh8/zw-lab/exp_004_standard_edm_n1000_40000kimg_20260415/network-snapshot-004000.pkl,ec341bbc9cf1e60f0bb768e03eb2812ca75a4407c430571813b98618a9a2bc02,4000,128,48,0.375,0.29103499015045,0.46488914897346556,True,count_in_13_through_115,0,complete
edm_1k,/mnt/pixstor/data/xggh8/zw-lab/exp_004_standard_edm_n1000_40000kimg_20260415/network-snapshot-006000.pkl,89bead0217ff5f41f79a7ccd7607a4d97152b82fee36febce35eafc0745ad807,6000,128,77,0.6015625,0.5113039803893997,0.6870105660206456,True,count_in_13_through_115,0,complete
edm_1k,/mnt/pixstor/data/xggh8/zw-lab/exp_004_standard_edm_n1000_40000kimg_20260415/network-snapshot-008000.pkl,fc4c9972915e4609e67804aa693569980c8884bc5f754e049d3b72346cbccbae,8000,128,101,0.7890625,0.7081362634214468,0.8561516483768006,True,count_in_13_through_115,0,complete
edm_1k,/mnt/pixstor/data/xggh8/zw-lab/exp_004_standard_edm_n1000_40000kimg_20260415/network-snapshot-010000.pkl,20a28ef6f66087f8fcec676dca2d86ff81e859e17ae7507adeb9d49a24d31c0e,10000,128,109,0.8515625,0.7779401391615011,0.9082018262376119,True,count_in_13_through_115,0,complete
edm_1k,/mnt/pixstor/data/xggh8/zw-lab/exp_004_standard_edm_n1000_40000kimg_20260415/network-snapshot-012000.pkl,e5a7debafcd19191d6557f645216bfcb2e7589922396fd08130e76e3f5388b0a,12000,128,113,0.8828125,0.8140910983080725,0.9329059181181221,True,count_in_13_through_115,0,complete
edm_1k,/mnt/pixstor/data/xggh8/zw-lab/exp_004_standard_edm_n1000_40000kimg_20260415/network-snapshot-014000.pkl,7b874de1f56609bc5d1f15230e6462ed837688586eb845bc7e49900af6c4922b,14000,128,120,0.9375,0.8805632166061459,0.9726333151136293,False,count_outside_13_through_115,0,complete
edm_1k,/mnt/pixstor/data/xggh8/zw-lab/exp_004_standard_edm_n1000_40000kimg_20260415/network-snapshot-016000.pkl,7b87ab35a9f3e066eaf1dfbaa5b1b0ac6ab47b48f8eb5879076a53973eb7b6d9,16000,128,121,0.9453125,0.8905679484317433,0.9777328541900765,False,count_outside_13_through_115,0,complete
edm_1k,/mnt/pixstor/data/xggh8/zw-lab/exp_004_standard_edm_n1000_40000kimg_20260415/network-snapshot-018000.pkl,0a4a34b0529e974b2c4b3dd8028950d37adfe8f3475b27670aabba9cf555f98c,18000,128,118,0.921875,0.8610175408226004,0.9619006105596335,False,count_outside_13_through_115,0,complete
edm_1k,/mnt/pixstor/data/xggh8/zw-lab/exp_004_standard_edm_n1000_40000kimg_20260415/network-snapshot-020000.pkl,c128e9836eece776ee9703e3b8bf2badba98958f7c866b86e70e8d4d3120087f,20000,128,120,0.9375,0.8805632166061459,0.9726333151136293,False,count_outside_13_through_115,0,complete
edm_1k,/mnt/pixstor/data/xggh8/zw-lab/exp_004_standard_edm_n1000_40000kimg_20260415/network-snapshot-022000.pkl,93fcf8d7d1add54d91e3931e34d4c2464379900ca97973708cacdadaa240fe46,22000,128,122,0.953125,0.9007648763061087,0.9826059438597274,False,count_outside_13_through_115,0,complete
edm_1k,/mnt/pixstor/data/xggh8/zw-lab/exp_004_standard_edm_n1000_40000kimg_20260415/network-snapshot-024000.pkl,fe4803025035d2cb72de45d583dba1453317671025d5de328068933705a05482,24000,128,122,0.953125,0.9007648763061087,0.9826059438597274,False,count_outside_13_through_115,0,complete
edm_1k,/mnt/pixstor/data/xggh8/zw-lab/exp_004_standard_edm_n1000_40000kimg_20260415/network-snapshot-026000.pkl,10a0a782a5d3ab1a0036fb4854b4520a5ce7bcfc62fc4b6e5cafe5644baffdfb,26000,128,122,0.953125,0.9007648763061087,0.9826059438597274,False,count_outside_13_through_115,0,complete
edm_1k,/mnt/pixstor/data/xggh8/zw-lab/exp_004_standard_edm_n1000_40000kimg_20260415/network-snapshot-028000.pkl,19f2b8ab2702c0fde95204d3b55e1933ebda6ef019db45c2d5334dd116ba38d3,28000,128,122,0.953125,0.9007648763061087,0.9826059438597274,False,count_outside_13_through_115,0,complete
edm_1k,/mnt/pixstor/data/xggh8/zw-lab/exp_004_standard_edm_n1000_40000kimg_20260415/network-snapshot-030000.pkl,a27ad555ad69cc42d5ebd5afe2322b8645c66009694632f3ddae9404d87b8ad5,30000,128,124,0.96875,0.9219204745615295,0.9914210644627388,False,count_outside_13_through_115,0,complete
edm_1k,/mnt/pixstor/data/xggh8/zw-lab/exp_004_standard_edm_n1000_40000kimg_20260415/network-snapshot-032000.pkl,c8a581c6247b561a8a20362547a8926285fc4486b98b883479685d711abc2ae5,32000,128,125,0.9765625,0.9330336979545444,0.9951402964642762,False,count_outside_13_through_115,0,complete
edm_1k,/mnt/pixstor/data/xggh8/zw-lab/exp_004_standard_edm_n1000_40000kimg_20260415/network-snapshot-034000.pkl,b703fb981b193efb172768febd303cd249153075f25129d394d6221011fcd31d,34000,128,124,0.96875,0.9219204745615295,0.9914210644627388,False,count_outside_13_through_115,0,complete
edm_1k,/mnt/pixstor/data/xggh8/zw-lab/exp_004_standard_edm_n1000_40000kimg_20260415/network-snapshot-036000.pkl,4848c7cc353fb8c0e6307dee71a1253e973e12c3631adddca7e911bcb669c347,36000,128,122,0.953125,0.9007648763061087,0.9826059438597274,False,count_outside_13_through_115,0,complete
edm_1k,/mnt/pixstor/data/xggh8/zw-lab/exp_004_standard_edm_n1000_40000kimg_20260415/network-snapshot-038000.pkl,bcd8c9eccccccc1dc772259c703b66035ad410dc1c5aef57eddf17e58a8cbede,38000,128,128,1.0,0.971591946556456,1.0,False,count_outside_13_through_115,0,complete
edm_1k,/mnt/pixstor/data/xggh8/zw-lab/exp_004_standard_edm_n1000_40000kimg_20260415/network-snapshot-040000.pkl,8e53dd93177c0144d38508c5634ae9ffbce303b6c8209af65085d376ce9026a1,40000,128,128,1.0,0.971591946556456,1.0,False,count_outside_13_through_115,0,complete
edm_50k,/mnt/pixstor/data/xggh8/zw-lab/e005_edm50k_matched_40000kimg/network-snapshot-000000.pkl,be2edd55b7289698e5b1b57a347bcee1535f4dd31c79f7cdf373e86bc5ef16d3,0,128,0,0.0,0.0,0.028408053443543857,False,count_outside_13_through_115,0,complete
edm_50k,/mnt/pixstor/data/xggh8/zw-lab/e005_edm50k_matched_40000kimg/network-snapshot-002000.pkl,a6703748446ea21f009e77e135aea45e67b6af982adb7c79e98ef9693753bfda,2000,128,0,0.0,0.0,0.028408053443543857,False,count_outside_13_through_115,0,complete
edm_50k,/mnt/pixstor/data/xggh8/zw-lab/e005_edm50k_matched_40000kimg/network-snapshot-004000.pkl,4b9ca797f736a3eebfbcaf2f7bf93425b442f1f2b5a543f2b0d4bc4281c07850,4000,128,0,0.0,0.0,0.028408053443543857,False,count_outside_13_through_115,0,complete
edm_50k,/mnt/pixstor/data/xggh8/zw-lab/e005_edm50k_matched_40000kimg/network-snapshot-006000.pkl,aae54873fd3eda30b7869cd55b7376b0cabca6dd660a7c11761230effc0edf8a,6000,128,0,0.0,0.0,0.028408053443543857,False,count_outside_13_through_115,0,complete
edm_50k,/mnt/pixstor/data/xggh8/zw-lab/e005_edm50k_matched_40000kimg/network-snapshot-008000.pkl,0e46af1998cd7573d08f2f2255f5e862e6f506dfc09a4fae2a66c1edef2ed455,8000,128,0,0.0,0.0,0.028408053443543857,False,count_outside_13_through_115,0,complete
edm_50k,/mnt/pixstor/data/xggh8/zw-lab/e005_edm50k_matched_40000kimg/network-snapshot-010000.pkl,1c6d4ea9b3334820a7d3735968290b65015f720948e783ff3c00269c34e6926b,10000,128,0,0.0,0.0,0.028408053443543857,False,count_outside_13_through_115,0,complete
edm_50k,/mnt/pixstor/data/xggh8/zw-lab/e005_edm50k_matched_40000kimg/network-snapshot-012000.pkl,7421b4b2c958b56dc4ea92febac3815993585b6794425811221cbdbc99f04816,12000,128,0,0.0,0.0,0.028408053443543857,False,count_outside_13_through_115,0,complete
edm_50k,/mnt/pixstor/data/xggh8/zw-lab/e005_edm50k_matched_40000kimg/network-snapshot-014000.pkl,b5c49a751e981dc3dfca0f11ce3bb3d4a4fd660d70e15efa4f913b69b28d6254,14000,128,0,0.0,0.0,0.028408053443543857,False,count_outside_13_through_115,0,complete
edm_50k,/mnt/pixstor/data/xggh8/zw-lab/e005_edm50k_matched_40000kimg/network-snapshot-016000.pkl,5049261547019d63dc716b5ed66b4bf1c949c56e4194c34115b824dd212eafcf,16000,128,0,0.0,0.0,0.028408053443543857,False,count_outside_13_through_115,0,complete
edm_50k,/mnt/pixstor/data/xggh8/zw-lab/e005_edm50k_matched_40000kimg/network-snapshot-018000.pkl,c52cb32b947680c3860d00793ab95e17c71c1dfd52b2f38939a738abe4737ead,18000,128,0,0.0,0.0,0.028408053443543857,False,count_outside_13_through_115,0,complete
edm_50k,/mnt/pixstor/data/xggh8/zw-lab/e005_edm50k_matched_40000kimg/network-snapshot-020000.pkl,7b8cc496cf0d28d3aa9f1735206ce62fc37901006e20104dc72ee88ebbad95f8,20000,128,0,0.0,0.0,0.028408053443543857,False,count_outside_13_through_115,0,complete
edm_50k,/mnt/pixstor/data/xggh8/zw-lab/e005_edm50k_matched_40000kimg/network-snapshot-022000.pkl,1c21cecc969fc87c7077b21e0280204425c5ad8d3b73237bceeeeab7118b32a0,22000,128,0,0.0,0.0,0.028408053443543857,False,count_outside_13_through_115,0,complete
edm_50k,/mnt/pixstor/data/xggh8/zw-lab/e005_edm50k_matched_40000kimg/network-snapshot-024000.pkl,d1e1fead14cb123b49b194df2b8bc1b163a48292fceb206cdc203b1bfda92064,24000,128,0,0.0,0.0,0.028408053443543857,False,count_outside_13_through_115,0,complete
edm_50k,/mnt/pixstor/data/xggh8/zw-lab/e005_edm50k_matched_40000kimg/network-snapshot-026000.pkl,9a1bccc71ef31894cf80428f5fd26669713dae4212eb28d129b04110f89459b0,26000,128,0,0.0,0.0,0.028408053443543857,False,count_outside_13_through_115,0,complete
edm_50k,/mnt/pixstor/data/xggh8/zw-lab/e005_edm50k_matched_40000kimg/network-snapshot-028000.pkl,1330035a519ed30160d752013b834a22183212bbaded2bbee44972c5a83c0cf0,28000,128,0,0.0,0.0,0.028408053443543857,False,count_outside_13_through_115,0,complete
edm_50k,/mnt/pixstor/data/xggh8/zw-lab/e005_edm50k_matched_40000kimg/network-snapshot-030000.pkl,5d683c2b2a8566473f5934e7ed5a1cc2b448f9a4fdc70f676f43647f10471579,30000,128,0,0.0,0.0,0.028408053443543857,False,count_outside_13_through_115,0,complete
edm_50k,/mnt/pixstor/data/xggh8/zw-lab/e005_edm50k_matched_40000kimg/network-snapshot-032000.pkl,5e671aaf7849c14373fcafd513cd2928859fe8217500da330145bbee901ebc9d,32000,128,0,0.0,0.0,0.028408053443543857,False,count_outside_13_through_115,0,complete
edm_50k,/mnt/pixstor/data/xggh8/zw-lab/e005_edm50k_matched_40000kimg/network-snapshot-034000.pkl,9eb0212b20cc44fd726108814c5dca4bf39d8a20772b9e0a77d0d2ebf562d829,34000,128,0,0.0,0.0,0.028408053443543857,False,count_outside_13_through_115,0,complete
edm_50k,/mnt/pixstor/data/xggh8/zw-lab/e005_edm50k_matched_40000kimg/network-snapshot-036000.pkl,81fcf76c6b72f5f4acc9df98abd1dea30c44a76ae0e68f059bfb5f536b2278c1,36000,128,0,0.0,0.0,0.028408053443543857,False,count_outside_13_through_115,0,complete
edm_50k,/mnt/pixstor/data/xggh8/zw-lab/e005_edm50k_matched_40000kimg/network-snapshot-038000.pkl,3f5c8f3c600dc3de61ad6e427b4ec4c822aceb22f134f46deb5749e004b76f9c,38000,128,0,0.0,0.0,0.028408053443543857,False,count_outside_13_through_115,0,complete
edm_50k,/mnt/pixstor/data/xggh8/zw-lab/e005_edm50k_matched_40000kimg/network-snapshot-040000.pkl,a355ea67605dea3e2e663e94eb23416ffeb7679757088a68dc6228c03da5a92b,40000,128,0,0.0,0.0,0.028408053443543857,False,count_outside_13_through_115,0,complete
