model_role,checkpoint_path,checkpoint_filename,checkpoint_sha256,training_kimg,file_size,modification_time,architecture_identity,training_subset_size,training_configuration_source,training_configuration_sha256,ema_status,label_conditioning_status,loadability_status,inventory_status,rejection_reason
edm_10k,/mnt/pixstor/data/xggh8/zw-lab/e009_edm10k_12000kimg/network-snapshot-000000.pkl,network-snapshot-000000.pkl,acd34856648d000c30819f759a869972d9628c078d256ca10688718128c2bf3e,0,223159941,2026-08-04T03:00:00.627723+00:00,"{""class"": ""_imported_module_d2622850f36c4fa48b9dc96a22974aa4.persistent_class.<locals>.Decorator"", ""img_channels"": 3, ""img_resolution"": 32, ""label_dim"": 0, ""sigma_max"": Infinity, ""sigma_min"": 0.0}",10000,/mnt/pixstor/data/xggh8/zw-lab/e009_edm10k_12000kimg/config_used.yaml,f35a010e1b8c7a0168e47e022db25e36a302db43dea60aeaf19bc132cd156ac6,present,unconditional,pass,accepted,
edm_10k,/mnt/pixstor/data/xggh8/zw-lab/e009_edm10k_12000kimg/network-snapshot-001000.pkl,network-snapshot-001000.pkl,8c3da9bc3fe1a2a9b22c2d867cab18c499520fba5930c77cea33519d842c1e8a,1000,223159939,2026-08-04T04:08:39.674804+00:00,"{""class"": ""_imported_module_d2622850f36c4fa48b9dc96a22974aa4.persistent_class.<locals>.Decorator"", ""img_channels"": 3, ""img_resolution"": 32, ""label_dim"": 0, ""sigma_max"": Infinity, ""sigma_min"": 0.0}",10000,/mnt/pixstor/data/xggh8/zw-lab/e009_edm10k_12000kimg/config_used.yaml,f35a010e1b8c7a0168e47e022db25e36a302db43dea60aeaf19bc132cd156ac6,present,unconditional,pass,accepted,
edm_10k,/mnt/pixstor/data/xggh8/zw-lab/e009_edm10k_12000kimg/network-snapshot-002000.pkl,network-snapshot-002000.pkl,d5fb8d4fe93d3d6c0fcea1d1639c7c204c42514be30a911c91f87782ed316a3d,2000,223159939,2026-08-04T05:17:39.406905+00:00,"{""class"": ""_imported_module_d2622850f36c4fa48b9dc96a22974aa4.persistent_class.<locals>.Decorator"", ""img_channels"": 3, ""img_resolution"": 32, ""label_dim"": 0, ""sigma_max"": Infinity, ""sigma_min"": 0.0}",10000,/mnt/pixstor/data/xggh8/zw-lab/e009_edm10k_12000kimg/config_used.yaml,f35a010e1b8c7a0168e47e022db25e36a302db43dea60aeaf19bc132cd156ac6,present,unconditional,pass,accepted,
edm_10k,/mnt/pixstor/data/xggh8/zw-lab/e009_edm10k_12000kimg/network-snapshot-003000.pkl,network-snapshot-003000.pkl,be1d344337c8a046d4554173c1f53dcad036d325e9a01cf0388c75f70c134364,3000,223159939,2026-08-04T06:26:39.413986+00:00,"{""class"": ""_imported_module_d2622850f36c4fa48b9dc96a22974aa4.persistent_class.<locals>.Decorator"", ""img_channels"": 3, ""img_resolution"": 32, ""label_dim"": 0, ""sigma_max"": Infinity, ""sigma_min"": 0.0}",10000,/mnt/pixstor/data/xggh8/zw-lab/e009_edm10k_12000kimg/config_used.yaml,f35a010e1b8c7a0168e47e022db25e36a302db43dea60aeaf19bc132cd156ac6,present,unconditional,pass,accepted,
edm_10k,/mnt/pixstor/data/xggh8/zw-lab/e009_edm10k_12000kimg/network-snapshot-004000.pkl,network-snapshot-004000.pkl,d846ace552b914fc74f8baa4248a499071d034f366e50e3ddf803d43a12b5bcf,4000,223159939,2026-08-04T07:35:17.479965+00:00,"{""class"": ""_imported_module_d2622850f36c4fa48b9dc96a22974aa4.persistent_class.<locals>.Decorator"", ""img_channels"": 3, ""img_resolution"": 32, ""label_dim"": 0, ""sigma_max"": Infinity, ""sigma_min"": 0.0}",10000,/mnt/pixstor/data/xggh8/zw-lab/e009_edm10k_12000kimg/config_used.yaml,f35a010e1b8c7a0168e47e022db25e36a302db43dea60aeaf19bc132cd156ac6,present,unconditional,pass,accepted,
edm_10k,/mnt/pixstor/data/xggh8/zw-lab/e009_edm10k_12000kimg/network-snapshot-005000.pkl,network-snapshot-005000.pkl,a09e327696f010d9d2a014888a4d954283f770d5e0cb6e5c957c48f7652a8064,5000,223159939,2026-08-04T08:44:15.604886+00:00,"{""class"": ""_imported_module_d2622850f36c4fa48b9dc96a22974aa4.persistent_class.<locals>.Decorator"", ""img_channels"": 3, ""img_resolution"": 32, ""label_dim"": 0, ""sigma_max"": Infinity, ""sigma_min"": 0.0}",10000,/mnt/pixstor/data/xggh8/zw-lab/e009_edm10k_12000kimg/config_used.yaml,f35a010e1b8c7a0168e47e022db25e36a302db43dea60aeaf19bc132cd156ac6,present,unconditional,pass,accepted,
edm_10k,/mnt/pixstor/data/xggh8/zw-lab/e009_edm10k_12000kimg/network-snapshot-006000.pkl,network-snapshot-006000.pkl,a969d4ea57491c3d37940a2b2b628cb397d1134a46594f6cc63c876a35791f92,6000,223159939,2026-08-04T09:53:02.755342+00:00,"{""class"": ""_imported_module_d2622850f36c4fa48b9dc96a22974aa4.persistent_class.<locals>.Decorator"", ""img_channels"": 3, ""img_resolution"": 32, ""label_dim"": 0, ""sigma_max"": Infinity, ""sigma_min"": 0.0}",10000,/mnt/pixstor/data/xggh8/zw-lab/e009_edm10k_12000kimg/config_used.yaml,f35a010e1b8c7a0168e47e022db25e36a302db43dea60aeaf19bc132cd156ac6,present,unconditional,pass,accepted,
edm_10k,/mnt/pixstor/data/xggh8/zw-lab/e009_edm10k_12000kimg/network-snapshot-007000.pkl,network-snapshot-007000.pkl,3174f69f1b2f8c760e45aa0765a3ba8b20ba7ac85f8733aca50530fcdb1a4279,7000,223159939,2026-08-04T11:01:50.625570+00:00,"{""class"": ""_imported_module_d2622850f36c4fa48b9dc96a22974aa4.persistent_class.<locals>.Decorator"", ""img_channels"": 3, ""img_resolution"": 32, ""label_dim"": 0, ""sigma_max"": Infinity, ""sigma_min"": 0.0}",10000,/mnt/pixstor/data/xggh8/zw-lab/e009_edm10k_12000kimg/config_used.yaml,f35a010e1b8c7a0168e47e022db25e36a302db43dea60aeaf19bc132cd156ac6,present,unconditional,pass,accepted,
edm_10k,/mnt/pixstor/data/xggh8/zw-lab/e009_edm10k_12000kimg/network-snapshot-008000.pkl,network-snapshot-008000.pkl,7e3439f0610343954f51291c79a39bca207bf82a084f29c7e041c38f9998615f,8000,223159939,2026-08-04T12:10:44.989768+00:00,"{""class"": ""_imported_module_d2622850f36c4fa48b9dc96a22974aa4.persistent_class.<locals>.Decorator"", ""img_channels"": 3, ""img_resolution"": 32, ""label_dim"": 0, ""sigma_max"": Infinity, ""sigma_min"": 0.0}",10000,/mnt/pixstor/data/xggh8/zw-lab/e009_edm10k_12000kimg/config_used.yaml,f35a010e1b8c7a0168e47e022db25e36a302db43dea60aeaf19bc132cd156ac6,present,unconditional,pass,accepted,
edm_10k,/mnt/pixstor/data/xggh8/zw-lab/e009_edm10k_12000kimg/network-snapshot-009000.pkl,network-snapshot-009000.pkl,a85b7c3855c76f181a7075f2538a17e17d542c623a970d1c7a9a0a90368cb0f8,9000,223159939,2026-08-04T13:19:45.486212+00:00,"{""class"": ""_imported_module_d2622850f36c4fa48b9dc96a22974aa4.persistent_class.<locals>.Decorator"", ""img_channels"": 3, ""img_resolution"": 32, ""label_dim"": 0, ""sigma_max"": Infinity, ""sigma_min"": 0.0}",10000,/mnt/pixstor/data/xggh8/zw-lab/e009_edm10k_12000kimg/config_used.yaml,f35a010e1b8c7a0168e47e022db25e36a302db43dea60aeaf19bc132cd156ac6,present,unconditional,pass,accepted,
edm_10k,/mnt/pixstor/data/xggh8/zw-lab/e009_edm10k_12000kimg/network-snapshot-010000.pkl,network-snapshot-010000.pkl,c3ca7bc67e0e5d2e2696a3ddf7a8339eba1f596b9ffd3b8f707290ad7c6b8e46,10000,223159939,2026-08-04T14:28:48.348803+00:00,"{""class"": ""_imported_module_d2622850f36c4fa48b9dc96a22974aa4.persistent_class.<locals>.Decorator"", ""img_channels"": 3, ""img_resolution"": 32, ""label_dim"": 0, ""sigma_max"": Infinity, ""sigma_min"": 0.0}",10000,/mnt/pixstor/data/xggh8/zw-lab/e009_edm10k_12000kimg/config_used.yaml,f35a010e1b8c7a0168e47e022db25e36a302db43dea60aeaf19bc132cd156ac6,present,unconditional,pass,accepted,
edm_10k,/mnt/pixstor/data/xggh8/zw-lab/e009_edm10k_12000kimg/network-snapshot-011000.pkl,network-snapshot-011000.pkl,a2a1314fcafd8b75f891fe3f5817b0256defe0bf71bbaf995af678acc51efb85,11000,223159939,2026-08-04T15:37:50.615875+00:00,"{""class"": ""_imported_module_d2622850f36c4fa48b9dc96a22974aa4.persistent_class.<locals>.Decorator"", ""img_channels"": 3, ""img_resolution"": 32, ""label_dim"": 0, ""sigma_max"": Infinity, ""sigma_min"": 0.0}",10000,/mnt/pixstor/data/xggh8/zw-lab/e009_edm10k_12000kimg/config_used.yaml,f35a010e1b8c7a0168e47e022db25e36a302db43dea60aeaf19bc132cd156ac6,present,unconditional,pass,accepted,
edm_10k,/mnt/pixstor/data/xggh8/zw-lab/e009_edm10k_12000kimg/network-snapshot-012000.pkl,network-snapshot-012000.pkl,eb71fa4e581d452ae0dbb552c18ed3c7524def65ad50d91e108126802a539de3,12000,223159939,2026-08-04T16:46:51.973059+00:00,"{""class"": ""_imported_module_d2622850f36c4fa48b9dc96a22974aa4.persistent_class.<locals>.Decorator"", ""img_channels"": 3, ""img_resolution"": 32, ""label_dim"": 0, ""sigma_max"": Infinity, ""sigma_min"": 0.0}",10000,/mnt/pixstor/data/xggh8/zw-lab/e009_edm10k_12000kimg/config_used.yaml,f35a010e1b8c7a0168e47e022db25e36a302db43dea60aeaf19bc132cd156ac6,present,unconditional,pass,accepted,
edm_2k,/mnt/pixstor/data/xggh8/zw-lab/e009_edm2k_12000kimg/network-snapshot-000000.pkl,network-snapshot-000000.pkl,fd7a2f02305e664ab5a3986df2d152f68b64d7c02c145ba5f386333ee05dcd29,0,223159938,2026-08-04T02:56:22.133024+00:00,"{""class"": ""_imported_module_d2622850f36c4fa48b9dc96a22974aa4.persistent_class.<locals>.Decorator"", ""img_channels"": 3, ""img_resolution"": 32, ""label_dim"": 0, ""sigma_max"": Infinity, ""sigma_min"": 0.0}",2000,/mnt/pixstor/data/xggh8/zw-lab/e009_edm2k_12000kimg/config_used.yaml,aa747cb0dd10fab8240615ea6d2c8607880226226a7f28a0dba853f67805b8fd,present,unconditional,pass,accepted,
edm_2k,/mnt/pixstor/data/xggh8/zw-lab/e009_edm2k_12000kimg/network-snapshot-001000.pkl,network-snapshot-001000.pkl,67ba5bb3bf04176382d99964704d5ba98b34c0bd3959d79b411b37a64b057009,1000,223159938,2026-08-04T04:04:13.535996+00:00,"{""class"": ""_imported_module_d2622850f36c4fa48b9dc96a22974aa4.persistent_class.<locals>.Decorator"", ""img_channels"": 3, ""img_resolution"": 32, ""label_dim"": 0, ""sigma_max"": Infinity, ""sigma_min"": 0.0}",2000,/mnt/pixstor/data/xggh8/zw-lab/e009_edm2k_12000kimg/config_used.yaml,aa747cb0dd10fab8240615ea6d2c8607880226226a7f28a0dba853f67805b8fd,present,unconditional,pass,accepted,
edm_2k,/mnt/pixstor/data/xggh8/zw-lab/e009_edm2k_12000kimg/network-snapshot-002000.pkl,network-snapshot-002000.pkl,664b4bb0e04666713c49d59616e2c39dd7a1c6d0f683732b9e51ec2c1e13cdd6,2000,223159938,2026-08-04T05:12:11.474761+00:00,"{""class"": ""_imported_module_d2622850f36c4fa48b9dc96a22974aa4.persistent_class.<locals>.Decorator"", ""img_channels"": 3, ""img_resolution"": 32, ""label_dim"": 0, ""sigma_max"": Infinity, ""sigma_min"": 0.0}",2000,/mnt/pixstor/data/xggh8/zw-lab/e009_edm2k_12000kimg/config_used.yaml,aa747cb0dd10fab8240615ea6d2c8607880226226a7f28a0dba853f67805b8fd,present,unconditional,pass,accepted,
edm_2k,/mnt/pixstor/data/xggh8/zw-lab/e009_edm2k_12000kimg/network-snapshot-003000.pkl,network-snapshot-003000.pkl,2753591e1d05d26050527f8bbcaed0d71e0ff44472479316a110095ab18e0615,3000,223159938,2026-08-04T06:20:09.709406+00:00,"{""class"": ""_imported_module_d2622850f36c4fa48b9dc96a22974aa4.persistent_class.<locals>.Decorator"", ""img_channels"": 3, ""img_resolution"": 32, ""label_dim"": 0, ""sigma_max"": Infinity, ""sigma_min"": 0.0}",2000,/mnt/pixstor/data/xggh8/zw-lab/e009_edm2k_12000kimg/config_used.yaml,aa747cb0dd10fab8240615ea6d2c8607880226226a7f28a0dba853f67805b8fd,present,unconditional,pass,accepted,
edm_2k,/mnt/pixstor/data/xggh8/zw-lab/e009_edm2k_12000kimg/network-snapshot-004000.pkl,network-snapshot-004000.pkl,92cb04d512cd3ee5df77da7f86e4683f5b7749384daee742317d744debf88808,4000,223159938,2026-08-04T07:28:06.406109+00:00,"{""class"": ""_imported_module_d2622850f36c4fa48b9dc96a22974aa4.persistent_class.<locals>.Decorator"", ""img_channels"": 3, ""img_resolution"": 32, ""label_dim"": 0, ""sigma_max"": Infinity, ""sigma_min"": 0.0}",2000,/mnt/pixstor/data/xggh8/zw-lab/e009_edm2k_12000kimg/config_used.yaml,aa747cb0dd10fab8240615ea6d2c8607880226226a7f28a0dba853f67805b8fd,present,unconditional,pass,accepted,
edm_2k,/mnt/pixstor/data/xggh8/zw-lab/e009_edm2k_12000kimg/network-snapshot-005000.pkl,network-snapshot-005000.pkl,7314107d506828255dde8b2915633b982a80c12d15b5f1caa06a97ce3e0ebf72,5000,223159938,2026-08-04T08:36:03.684726+00:00,"{""class"": ""_imported_module_d2622850f36c4fa48b9dc96a22974aa4.persistent_class.<locals>.Decorator"", ""img_channels"": 3, ""img_resolution"": 32, ""label_dim"": 0, ""sigma_max"": Infinity, ""sigma_min"": 0.0}",2000,/mnt/pixstor/data/xggh8/zw-lab/e009_edm2k_12000kimg/config_used.yaml,aa747cb0dd10fab8240615ea6d2c8607880226226a7f28a0dba853f67805b8fd,present,unconditional,pass,accepted,
edm_2k,/mnt/pixstor/data/xggh8/zw-lab/e009_edm2k_12000kimg/network-snapshot-006000.pkl,network-snapshot-006000.pkl,2b9382c0e61ac0419f8072fcc8b5e3cefdee335fde2de350acd053140d20d76b,6000,223159938,2026-08-04T09:44:01.291761+00:00,"{""class"": ""_imported_module_d2622850f36c4fa48b9dc96a22974aa4.persistent_class.<locals>.Decorator"", ""img_channels"": 3, ""img_resolution"": 32, ""label_dim"": 0, ""sigma_max"": Infinity, ""sigma_min"": 0.0}",2000,/mnt/pixstor/data/xggh8/zw-lab/e009_edm2k_12000kimg/config_used.yaml,aa747cb0dd10fab8240615ea6d2c8607880226226a7f28a0dba853f67805b8fd,present,unconditional,pass,accepted,
edm_2k,/mnt/pixstor/data/xggh8/zw-lab/e009_edm2k_12000kimg/network-snapshot-007000.pkl,network-snapshot-007000.pkl,be4f7d81456fa6ac448cfb2d7af5f6a10fe6cee5ea36ca1cb00f3290a42516c4,7000,223159938,2026-08-04T10:52:07.364848+00:00,"{""class"": ""_imported_module_d2622850f36c4fa48b9dc96a22974aa4.persistent_class.<locals>.Decorator"", ""img_channels"": 3, ""img_resolution"": 32, ""label_dim"": 0, ""sigma_max"": Infinity, ""sigma_min"": 0.0}",2000,/mnt/pixstor/data/xggh8/zw-lab/e009_edm2k_12000kimg/config_used.yaml,aa747cb0dd10fab8240615ea6d2c8607880226226a7f28a0dba853f67805b8fd,present,unconditional,pass,accepted,
edm_2k,/mnt/pixstor/data/xggh8/zw-lab/e009_edm2k_12000kimg/network-snapshot-008000.pkl,network-snapshot-008000.pkl,25dbd1190ead82b2f424518758d4c0d8e9dbd6cb12c3d35deb920177bfe337a5,8000,223159938,2026-08-04T12:00:20.434694+00:00,"{""class"": ""_imported_module_d2622850f36c4fa48b9dc96a22974aa4.persistent_class.<locals>.Decorator"", ""img_channels"": 3, ""img_resolution"": 32, ""label_dim"": 0, ""sigma_max"": Infinity, ""sigma_min"": 0.0}",2000,/mnt/pixstor/data/xggh8/zw-lab/e009_edm2k_12000kimg/config_used.yaml,aa747cb0dd10fab8240615ea6d2c8607880226226a7f28a0dba853f67805b8fd,present,unconditional,pass,accepted,
edm_2k,/mnt/pixstor/data/xggh8/zw-lab/e009_edm2k_12000kimg/network-snapshot-009000.pkl,network-snapshot-009000.pkl,44d553636f14b91a8ad241761836dec6d77d617a1e4e7eb5b3c9885dd2d64c4d,9000,223159938,2026-08-04T13:08:31.483302+00:00,"{""class"": ""_imported_module_d2622850f36c4fa48b9dc96a22974aa4.persistent_class.<locals>.Decorator"", ""img_channels"": 3, ""img_resolution"": 32, ""label_dim"": 0, ""sigma_max"": Infinity, ""sigma_min"": 0.0}",2000,/mnt/pixstor/data/xggh8/zw-lab/e009_edm2k_12000kimg/config_used.yaml,aa747cb0dd10fab8240615ea6d2c8607880226226a7f28a0dba853f67805b8fd,present,unconditional,pass,accepted,
edm_2k,/mnt/pixstor/data/xggh8/zw-lab/e009_edm2k_12000kimg/network-snapshot-010000.pkl,network-snapshot-010000.pkl,1d5233ad40b047a3cc28122fd0c9455abb67254b7f2789104efffbfd893187de,10000,223159938,2026-08-04T14:16:50.582848+00:00,"{""class"": ""_imported_module_d2622850f36c4fa48b9dc96a22974aa4.persistent_class.<locals>.Decorator"", ""img_channels"": 3, ""img_resolution"": 32, ""label_dim"": 0, ""sigma_max"": Infinity, ""sigma_min"": 0.0}",2000,/mnt/pixstor/data/xggh8/zw-lab/e009_edm2k_12000kimg/config_used.yaml,aa747cb0dd10fab8240615ea6d2c8607880226226a7f28a0dba853f67805b8fd,present,unconditional,pass,accepted,
edm_2k,/mnt/pixstor/data/xggh8/zw-lab/e009_edm2k_12000kimg/network-snapshot-011000.pkl,network-snapshot-011000.pkl,bbdf2284e3ffa8845d36f4ae82f778a49dafa54458cc015c85bf31a94e539d52,11000,223159938,2026-08-04T15:25:01.037155+00:00,"{""class"": ""_imported_module_d2622850f36c4fa48b9dc96a22974aa4.persistent_class.<locals>.Decorator"", ""img_channels"": 3, ""img_resolution"": 32, ""label_dim"": 0, ""sigma_max"": Infinity, ""sigma_min"": 0.0}",2000,/mnt/pixstor/data/xggh8/zw-lab/e009_edm2k_12000kimg/config_used.yaml,aa747cb0dd10fab8240615ea6d2c8607880226226a7f28a0dba853f67805b8fd,present,unconditional,pass,accepted,
edm_2k,/mnt/pixstor/data/xggh8/zw-lab/e009_edm2k_12000kimg/network-snapshot-012000.pkl,network-snapshot-012000.pkl,93f103e2a0b6407f058aeaeae6503d9b2a171f721baa575b9dc63e05ce872e23,12000,223159938,2026-08-04T16:33:08.648369+00:00,"{""class"": ""_imported_module_d2622850f36c4fa48b9dc96a22974aa4.persistent_class.<locals>.Decorator"", ""img_channels"": 3, ""img_resolution"": 32, ""label_dim"": 0, ""sigma_max"": Infinity, ""sigma_min"": 0.0}",2000,/mnt/pixstor/data/xggh8/zw-lab/e009_edm2k_12000kimg/config_used.yaml,aa747cb0dd10fab8240615ea6d2c8607880226226a7f28a0dba853f67805b8fd,present,unconditional,pass,accepted,
edm_5k,/mnt/pixstor/data/xggh8/zw-lab/e009_edm5k_12000kimg/network-snapshot-000000.pkl,network-snapshot-000000.pkl,280bc163b5e8134e6ce55c2cc475568171731a3ea1eb92d42a8b8e00a6de290b,0,223159940,2026-08-04T02:56:22.155174+00:00,"{""class"": ""_imported_module_d2622850f36c4fa48b9dc96a22974aa4.persistent_class.<locals>.Decorator"", ""img_channels"": 3, ""img_resolution"": 32, ""label_dim"": 0, ""sigma_max"": Infinity, ""sigma_min"": 0.0}",5000,/mnt/pixstor/data/xggh8/zw-lab/e009_edm5k_12000kimg/config_used.yaml,e4a076c301e3e330872a6088774a5c7d688a18b0639831f5e250d759282868d8,present,unconditional,pass,accepted,
edm_5k,/mnt/pixstor/data/xggh8/zw-lab/e009_edm5k_12000kimg/network-snapshot-001000.pkl,network-snapshot-001000.pkl,edf1db7f030c0f4a5941fabfcc02dd453d50b0365ba87639d023cc0972701748,1000,223159938,2026-08-04T04:05:23.905649+00:00,"{""class"": ""_imported_module_d2622850f36c4fa48b9dc96a22974aa4.persistent_class.<locals>.Decorator"", ""img_channels"": 3, ""img_resolution"": 32, ""label_dim"": 0, ""sigma_max"": Infinity, ""sigma_min"": 0.0}",5000,/mnt/pixstor/data/xggh8/zw-lab/e009_edm5k_12000kimg/config_used.yaml,e4a076c301e3e330872a6088774a5c7d688a18b0639831f5e250d759282868d8,present,unconditional,pass,accepted,
edm_5k,/mnt/pixstor/data/xggh8/zw-lab/e009_edm5k_12000kimg/network-snapshot-002000.pkl,network-snapshot-002000.pkl,64e71a7a2a6037d54c0beb1c9ff439ccb2709814ffe7c43fcb51b7cea5a3746c,2000,223159938,2026-08-04T05:14:26.043255+00:00,"{""class"": ""_imported_module_d2622850f36c4fa48b9dc96a22974aa4.persistent_class.<locals>.Decorator"", ""img_channels"": 3, ""img_resolution"": 32, ""label_dim"": 0, ""sigma_max"": Infinity, ""sigma_min"": 0.0}",5000,/mnt/pixstor/data/xggh8/zw-lab/e009_edm5k_12000kimg/config_used.yaml,e4a076c301e3e330872a6088774a5c7d688a18b0639831f5e250d759282868d8,present,unconditional,pass,accepted,
edm_5k,/mnt/pixstor/data/xggh8/zw-lab/e009_edm5k_12000kimg/network-snapshot-003000.pkl,network-snapshot-003000.pkl,aedd7da73cb1245bcaa41a982c5acb15d68b0a80de6e76d5f052e2bd44787829,3000,223159938,2026-08-04T06:23:51.158393+00:00,"{""class"": ""_imported_module_d2622850f36c4fa48b9dc96a22974aa4.persistent_class.<locals>.Decorator"", ""img_channels"": 3, ""img_resolution"": 32, ""label_dim"": 0, ""sigma_max"": Infinity, ""sigma_min"": 0.0}",5000,/mnt/pixstor/data/xggh8/zw-lab/e009_edm5k_12000kimg/config_used.yaml,e4a076c301e3e330872a6088774a5c7d688a18b0639831f5e250d759282868d8,present,unconditional,pass,accepted,
edm_5k,/mnt/pixstor/data/xggh8/zw-lab/e009_edm5k_12000kimg/network-snapshot-004000.pkl,network-snapshot-004000.pkl,82fcd59175bfa5d4cd0af5869cb7b53416aed5496c89556787f9fd9a8622b894,4000,223159938,2026-08-04T07:32:47.545545+00:00,"{""class"": ""_imported_module_d2622850f36c4fa48b9dc96a22974aa4.persistent_class.<locals>.Decorator"", ""img_channels"": 3, ""img_resolution"": 32, ""label_dim"": 0, ""sigma_max"": Infinity, ""sigma_min"": 0.0}",5000,/mnt/pixstor/data/xggh8/zw-lab/e009_edm5k_12000kimg/config_used.yaml,e4a076c301e3e330872a6088774a5c7d688a18b0639831f5e250d759282868d8,present,unconditional,pass,accepted,
edm_5k,/mnt/pixstor/data/xggh8/zw-lab/e009_edm5k_12000kimg/network-snapshot-005000.pkl,network-snapshot-005000.pkl,e38bb6f1b9f759ba6bf55f862b331f4ce72504ef841999847ad56bfeb165a6e9,5000,223159938,2026-08-04T08:42:00.453052+00:00,"{""class"": ""_imported_module_d2622850f36c4fa48b9dc96a22974aa4.persistent_class.<locals>.Decorator"", ""img_channels"": 3, ""img_resolution"": 32, ""label_dim"": 0, ""sigma_max"": Infinity, ""sigma_min"": 0.0}",5000,/mnt/pixstor/data/xggh8/zw-lab/e009_edm5k_12000kimg/config_used.yaml,e4a076c301e3e330872a6088774a5c7d688a18b0639831f5e250d759282868d8,present,unconditional,pass,accepted,
edm_5k,/mnt/pixstor/data/xggh8/zw-lab/e009_edm5k_12000kimg/network-snapshot-006000.pkl,network-snapshot-006000.pkl,03ff45aa5584f75455931ca0ac595bcb4facf14d8eef3b619ce314cb54c98935,6000,223159938,2026-08-04T09:51:12.095350+00:00,"{""class"": ""_imported_module_d2622850f36c4fa48b9dc96a22974aa4.persistent_class.<locals>.Decorator"", ""img_channels"": 3, ""img_resolution"": 32, ""label_dim"": 0, ""sigma_max"": Infinity, ""sigma_min"": 0.0}",5000,/mnt/pixstor/data/xggh8/zw-lab/e009_edm5k_12000kimg/config_used.yaml,e4a076c301e3e330872a6088774a5c7d688a18b0639831f5e250d759282868d8,present,unconditional,pass,accepted,
edm_5k,/mnt/pixstor/data/xggh8/zw-lab/e009_edm5k_12000kimg/network-snapshot-007000.pkl,network-snapshot-007000.pkl,2e16895f964297898fda1fcfe5fe21d9b4f06a95bf0ce4526716b7420e811af3,7000,223159938,2026-08-04T11:00:38.190062+00:00,"{""class"": ""_imported_module_d2622850f36c4fa48b9dc96a22974aa4.persistent_class.<locals>.Decorator"", ""img_channels"": 3, ""img_resolution"": 32, ""label_dim"": 0, ""sigma_max"": Infinity, ""sigma_min"": 0.0}",5000,/mnt/pixstor/data/xggh8/zw-lab/e009_edm5k_12000kimg/config_used.yaml,e4a076c301e3e330872a6088774a5c7d688a18b0639831f5e250d759282868d8,present,unconditional,pass,accepted,
edm_5k,/mnt/pixstor/data/xggh8/zw-lab/e009_edm5k_12000kimg/network-snapshot-008000.pkl,network-snapshot-008000.pkl,b134e6a36e4a73b485aaa767da9745d82ce609bbc62f9bf0207b3e3eb8c1df6a,8000,223159938,2026-08-04T12:09:28.566365+00:00,"{""class"": ""_imported_module_d2622850f36c4fa48b9dc96a22974aa4.persistent_class.<locals>.Decorator"", ""img_channels"": 3, ""img_resolution"": 32, ""label_dim"": 0, ""sigma_max"": Infinity, ""sigma_min"": 0.0}",5000,/mnt/pixstor/data/xggh8/zw-lab/e009_edm5k_12000kimg/config_used.yaml,e4a076c301e3e330872a6088774a5c7d688a18b0639831f5e250d759282868d8,present,unconditional,pass,accepted,
edm_5k,/mnt/pixstor/data/xggh8/zw-lab/e009_edm5k_12000kimg/network-snapshot-009000.pkl,network-snapshot-009000.pkl,2aa943d91da87d7d4110c2557a3979d7fc89fb99c324fd9bfafd5cc9b38e8c0a,9000,223159938,2026-08-04T13:18:58.804705+00:00,"{""class"": ""_imported_module_d2622850f36c4fa48b9dc96a22974aa4.persistent_class.<locals>.Decorator"", ""img_channels"": 3, ""img_resolution"": 32, ""label_dim"": 0, ""sigma_max"": Infinity, ""sigma_min"": 0.0}",5000,/mnt/pixstor/data/xggh8/zw-lab/e009_edm5k_12000kimg/config_used.yaml,e4a076c301e3e330872a6088774a5c7d688a18b0639831f5e250d759282868d8,present,unconditional,pass,accepted,
edm_5k,/mnt/pixstor/data/xggh8/zw-lab/e009_edm5k_12000kimg/network-snapshot-010000.pkl,network-snapshot-010000.pkl,bea465f54b66f6766db8076d37afd8abe6cd54dae2f8874dd604de27a39c0258,10000,223159938,2026-08-04T14:28:03.240395+00:00,"{""class"": ""_imported_module_d2622850f36c4fa48b9dc96a22974aa4.persistent_class.<locals>.Decorator"", ""img_channels"": 3, ""img_resolution"": 32, ""label_dim"": 0, ""sigma_max"": Infinity, ""sigma_min"": 0.0}",5000,/mnt/pixstor/data/xggh8/zw-lab/e009_edm5k_12000kimg/config_used.yaml,e4a076c301e3e330872a6088774a5c7d688a18b0639831f5e250d759282868d8,present,unconditional,pass,accepted,
edm_5k,/mnt/pixstor/data/xggh8/zw-lab/e009_edm5k_12000kimg/network-snapshot-011000.pkl,network-snapshot-011000.pkl,14dd253516f1df68ead1b945bd54b9abaae378ec5eb7203341a04b5a04055c22,11000,223159938,2026-08-04T15:37:17.407886+00:00,"{""class"": ""_imported_module_d2622850f36c4fa48b9dc96a22974aa4.persistent_class.<locals>.Decorator"", ""img_channels"": 3, ""img_resolution"": 32, ""label_dim"": 0, ""sigma_max"": Infinity, ""sigma_min"": 0.0}",5000,/mnt/pixstor/data/xggh8/zw-lab/e009_edm5k_12000kimg/config_used.yaml,e4a076c301e3e330872a6088774a5c7d688a18b0639831f5e250d759282868d8,present,unconditional,pass,accepted,
edm_5k,/mnt/pixstor/data/xggh8/zw-lab/e009_edm5k_12000kimg/network-snapshot-012000.pkl,network-snapshot-012000.pkl,a77c19588f9a4f877de961102c16901ee07bbd87e0e4ace6164f92f40c406d58,12000,223159938,2026-08-04T16:46:29.127599+00:00,"{""class"": ""_imported_module_d2622850f36c4fa48b9dc96a22974aa4.persistent_class.<locals>.Decorator"", ""img_channels"": 3, ""img_resolution"": 32, ""label_dim"": 0, ""sigma_max"": Infinity, ""sigma_min"": 0.0}",5000,/mnt/pixstor/data/xggh8/zw-lab/e009_edm5k_12000kimg/config_used.yaml,e4a076c301e3e330872a6088774a5c7d688a18b0639831f5e250d759282868d8,present,unconditional,pass,accepted,
