experiment_id,image_id,dataset_index,class_id,class_name,cutoff_radius,cutoff_normalized,total_energy,low_energy,high_energy,low_energy_fraction,high_energy_fraction,reconstruction_max_abs_error,energy_decomposition_relative_error,orthogonality_relative_error,high_display_scale
E004,cifar10-test-00003,3,0,airplane,2,0.125,742.08762783544853,487.7917808806294,254.29584695481844,0.65732369410798608,0.34267630589201298,5.5511151231257827e-16,9.1919202091986712e-16,1.0173349189868322e-17,0.67200420764339741
E004,cifar10-test-00003,3,0,airplane,3,0.1875,742.08762783544853,595.38546010308937,146.70216773235686,0.80231153002743616,0.19768846997256068,6.106226635438361e-16,3.1022730706045515e-15,9.1260926556171711e-18,0.67200420764339741
E004,cifar10-test-00003,3,0,airplane,4,0.25,742.08762783544853,632.21679255549839,109.87083527994861,0.85194358299649076,0.14805641700350719,5.9674487573602164e-16,2.0681820470697009e-15,1.0173349189868322e-17,0.67200420764339741
E004,cifar10-test-00003,3,0,airplane,5,0.3125,742.08762783544853,652.01038166005537,90.077246175391934,0.87861642911614879,0.12138357088384956,6.106226635438361e-16,1.6468857041480953e-15,8.2284441976876124e-18,0.67200420764339741
E004,cifar10-test-00003,3,0,airplane,6,0.375,742.08762783544853,676.73585836225925,65.351769473188227,0.91193523915253782,0.088064760847460746,6.6613381477509392e-16,1.4170876989181285e-15,1.0472565342511507e-18,0.67200420764339741
E004,cifar10-test-00003,3,0,airplane,8,0.5,742.08762783544853,695.81000968143951,46.27761815400747,0.93763860706181901,0.062361392938178897,6.3837823915946501e-16,2.0873318808388648e-15,7.4804038160796482e-20,0.67200420764339741
E004,cifar10-test-00010,10,0,airplane,2,0.125,214.43617070357558,130.48114046733269,83.955030236242663,0.60848475347800546,0.39151524652199343,4.163336342344337e-16,1.0603326607503197e-15,1.5855804558339131e-18,0.49691622871480201
E004,cifar10-test-00010,10,0,airplane,3,0.1875,214.43617070357558,144.80836318658231,69.627807516993144,0.67529821443583415,0.32470178556416529,4.0245584642661925e-16,5.9643712167205489e-16,9.0604597476223606e-18,0.49691622871480201
E004,cifar10-test-00010,10,0,airplane,4,0.25,214.43617070357558,165.02828234770593,49.407888355869474,0.76959163095591587,0.23040836904408324,3.7470027081099033e-16,8.6152028685963476e-16,6.6011921018391488e-18,0.49691622871480201
E004,cifar10-test-00010,10,0,airplane,5,0.3125,214.43617070357558,184.27283770114394,30.16333300243128,0.85933654334777443,0.14066345665222385,4.4408920985006262e-16,1.6899051780708221e-15,9.3193300261258577e-18,0.49691622871480201
E004,cifar10-test-00010,10,0,airplane,6,0.375,214.43617070357558,193.8384761783249,20.597694525250439,0.90394486873334545,0.096055131266653354,3.8857805861880479e-16,1.1597388476956622e-15,2.5887027850349601e-19,0.49691622871480201
E004,cifar10-test-00010,10,0,airplane,8,0.5,214.43617070357558,204.91389662416759,9.5222740794077509,0.95559389981566567,0.044406100184333192,4.163336342344337e-16,1.1266034520472147e-15,8.5427191906153694e-18,0.49691622871480201
E004,cifar10-test-00006,6,1,automobile,2,0.125,1312.7483890811204,946.90535619043249,365.84303289068805,0.72131519190302285,0.27868480809697721,7.2164496600635175e-16,8.6602153670280243e-17,1.2009283028495893e-17,0.90661430212410521
E004,cifar10-test-00006,6,1,automobile,3,0.1875,1312.7483890811204,1001.7463995438915,311.00198953722963,0.76309093797104577,0.23690906202895479,7.7715611723760958e-16,5.1961292202168143e-16,5.8354966828606808e-18,0.90661430212410521
E004,cifar10-test-00006,6,1,automobile,4,0.25,1312.7483890811204,1113.3788879782578,199.36950110286341,0.84812816929646773,0.15187183070353286,8.8817841970012523e-16,6.0621507569196169e-16,5.2857759808520657e-18,0.90661430212410521
E004,cifar10-test-00006,6,1,automobile,5,0.3125,1312.7483890811204,1185.3147459296461,127.43364315147684,0.90292607158278548,0.097073928417216418,7.7715611723760958e-16,1.8835968423285954e-15,2.0297379766471931e-18,0.90661430212410521
E004,cifar10-test-00006,6,1,automobile,6,0.375,1312.7483890811204,1217.1343944331766,95.613994647945077,0.92716502610612961,0.072834973893871349,7.9103390504542404e-16,9.3097315195551267e-16,1.9187366810493e-18,0.90661430212410521
E004,cifar10-test-00006,6,1,automobile,8,0.5,1312.7483890811204,1263.9187291485823,48.829659932540324,0.96280348897116741,0.037196511028834277,8.8817841970012523e-16,1.6887419965704648e-15,2.0878815124365659e-18,0.90661430212410521
E004,cifar10-test-00009,9,1,automobile,2,0.125,811.77294886582229,525.15998689394371,286.61296197187676,0.64692964655656104,0.35307035344343674,6.6613381477509392e-16,2.2407612942600243e-15,1.8189773689977004e-17,0.6876042639234996
E004,cifar10-test-00009,9,1,automobile,3,0.1875,811.77294886582229,596.47209060609975,215.30085825972077,0.7347769982228004,0.26522300177719743,7.1123662515049091e-16,2.1707375038143984e-15,6.1544347071350766e-19,0.6876042639234996
E004,cifar10-test-00009,9,1,automobile,4,0.25,811.77294886582229,667.70525903609075,144.06768982972898,0.82252711176072402,0.17747288823927279,6.5225602696727947e-16,3.151070570053159e-15,7.9665738153470716e-18,0.6876042639234996
E004,cifar10-test-00009,9,1,automobile,5,0.3125,811.77294886582229,711.00544409275926,100.76750477306078,0.87586737780083523,0.124132622199162,7.4940054162198066e-16,2.7659397226022176e-15,8.821356413560277e-18,0.6876042639234996
E004,cifar10-test-00009,9,1,automobile,6,0.375,811.77294886582229,735.03444391017729,76.738504955642895,0.90546801902815177,0.094531980971845592,7.7021722333370235e-16,2.5908802464881529e-15,6.8382607857056406e-20,0.6876042639234996
E004,cifar10-test-00009,9,1,automobile,8,0.5,811.77294886582229,762.81656787951886,48.956380986300509,0.93969202711829292,0.060307972881703517,7.9797279894933126e-16,3.5974722341440236e-15,4.2354477741464314e-18,0.6876042639234996
E004,cifar10-test-00025,25,2,bird,2,0.125,542.04284505959345,341.79342722252875,200.24941783706311,0.63056533323477626,0.3694346667652208,6.1756155744774333e-16,2.9363282674225477e-15,6.1126567195097415e-18,0.64215949399317429
E004,cifar10-test-00025,25,2,bird,3,0.1875,542.04284505959345,424.16150270226888,117.88134235732355,0.78252393988455948,0.21747606011543866,6.3837823915946501e-16,1.8876396004859234e-15,1.0855566278836149e-17,0.64215949399317429
E004,cifar10-test-00025,25,2,bird,4,0.25,542.04284505959345,445.64177267917842,96.401072380413865,0.82215230168785558,0.17784769831214228,6.9388939039072284e-16,2.1498117672200796e-15,1.1470032294619327e-17,0.64215949399317429
E004,cifar10-test-00025,25,2,bird,5,0.3125,542.04284505959345,472.95354409726053,69.089300962331265,0.87253904079346889,0.12746095920652808,6.6613381477509392e-16,3.0411971341162099e-15,3.6867960946990692e-18,0.64215949399317429
E004,cifar10-test-00025,25,2,bird,6,0.375,542.04284505959345,484.62071636900987,57.422128690582511,0.89406348739042862,0.10593651260956943,6.6613381477509392e-16,1.9662912505061703e-15,5.7350161473096635e-18,0.64215949399317429
E004,cifar10-test-00025,25,2,bird,8,0.5,542.04284505959345,507.78127832914811,34.261566730444486,0.93679177385566537,0.063208226144333093,6.3837823915946501e-16,1.5730330004049362e-15,1.1470032294619327e-17,0.64215949399317429
E004,cifar10-test-00035,35,2,bird,2,0.125,961.69411764706115,762.3230770208113,199.37104062624655,0.79268767795518702,0.20731232204480959,7.6327832942979512e-16,3.4282400541175233e-15,8.7737824660874124e-18,0.77091098840290406
E004,cifar10-test-00035,35,2,bird,3,0.1875,961.69411764706115,820.89311429294025,140.80100335411765,0.85359065760055486,0.14640934239944181,7.0776717819853729e-16,3.3691324669775661e-15,4.6177802453091644e-19,0.77091098840290406
E004,cifar10-test-00035,35,2,bird,4,0.25,961.69411764706115,850.93142883392841,110.7626888131295,0.88482544836176036,0.11517455163823626,6.9388939039072284e-16,3.3691324669775661e-15,3.2324461717164147e-18,0.77091098840290406
E004,cifar10-test-00035,35,2,bird,5,0.3125,961.69411764706115,871.63687936043107,90.057238286627779,0.9063556315526089,0.093644368447388715,7.7715611723760958e-16,2.3938572791682707e-15,7.388448392494663e-18,0.77091098840290406
E004,cifar10-test-00035,35,2,bird,6,0.375,961.69411764706115,887.75908856956335,73.935029077495273,0.92312001527222431,0.07687998472777309,6.9215466691474603e-16,2.6302876277280999e-15,5.1950027759728096e-18,0.77091098840290406
E004,cifar10-test-00035,35,2,bird,8,0.5,961.69411764706115,916.91913205048058,44.774985596576684,0.9534415519706726,0.046558448029323365,7.4940054162198066e-16,4.0340928223020858e-15,2.3088901226545822e-18,0.77091098840290406
E004,cifar10-test-00000,0,3,cat,2,0.125,480.19069588619868,254.05456007563691,226.13613581056046,0.52907014286642029,0.47092985713357699,6.3837823915946501e-16,2.7226654847732145e-15,4.6240921956066819e-18,0.70564220606248507
E004,cifar10-test-00000,0,3,cat,3,0.1875,480.19069588619868,302.26615234853034,177.92454353766703,0.62947107250942025,0.37052892749057703,6.6613381477509392e-16,2.7226654847732145e-15,9.9417982205543664e-18,0.70564220606248507
E004,cifar10-test-00000,0,3,cat,4,0.25,480.19069588619868,343.57712915864363,136.61356672755346,0.71550142912404247,0.2844985708759542,6.3837823915946501e-16,3.3145492858108697e-15,1.0982218964565871e-18,0.70564220606248507
E004,cifar10-test-00000,0,3,cat,5,0.3125,480.19069588619868,380.76661462331526,99.424081262881444,0.7929487553285578,0.20705124467143809,6.106226635438361e-16,4.1135924172117043e-15,1.0404207440115036e-18,0.70564220606248507
E004,cifar10-test-00000,0,3,cat,6,0.375,480.19069588619868,402.35112297228363,77.839572913913827,0.83789862323287834,0.16210137676711917,7.0776717819853729e-16,2.5451003444619178e-15,3.2368645369246774e-18,0.70564220606248507
E004,cifar10-test-00000,0,3,cat,8,0.5,480.19069588619868,430.38423842320628,49.806457462990593,0.89627775404712107,0.10372224595287519,6.9388939039072284e-16,3.7584621365891109e-15,1.2716253537918376e-18,0.70564220606248507
E004,cifar10-test-00008,8,3,cat,2,0.125,555.37950019223581,375.32818042628554,180.05131976594811,0.67580488710219166,0.32419511289780445,6.6613381477509392e-16,3.8893223749941035e-15,2.5487695457018305e-17,0.65520628674168602
E004,cifar10-test-00008,8,3,cat,3,0.1875,555.37950019223581,430.85030175431325,124.52919843791983,0.77577638642618474,0.22422361357381038,6.8001160258290838e-16,4.9128282631504463e-15,3.1234920903208709e-18,0.65520628674168602
E004,cifar10-test-00008,8,3,cat,4,0.25,555.37950019223581,458.11013789022434,97.269362302009256,0.82485964593878014,0.17514035406121581,6.6613381477509392e-16,3.9916729638097374e-15,3.6107568564109266e-18,0.65520628674168602
E004,cifar10-test-00008,8,3,cat,5,0.3125,555.37950019223581,489.88885412524638,65.490646066987139,0.88207946810366444,0.11792053189633141,6.9735883734267645e-16,4.1196111998292807e-15,3.8481422552753125e-18,0.65520628674168602
E004,cifar10-test-00008,8,3,cat,6,0.375,555.37950019223581,511.98124575064946,43.39825444158339,0.92185837895247358,0.078141621047521148,6.7480743215497796e-16,5.3222306184129834e-15,7.5463568902152243e-18,0.65520628674168602
E004,cifar10-test-00008,8,3,cat,8,0.5,555.37950019223581,527.72913326685989,27.65036692537257,0.95021356222942122,0.049786437770572796,7.9797279894933126e-16,6.0322878283214464e-15,8.9956572201241087e-19,0.65520628674168602
E004,cifar10-test-00022,22,4,deer,2,0.125,584.03555555555749,550.11667942524559,33.918876130309883,0.94192326852763797,0.058076731472358596,5.9327542878406803e-16,3.4551686971166329e-15,4.4672350562412453e-18,0.28486581469889921
E004,cifar10-test-00022,22,4,deer,3,0.1875,584.03555555555749,562.7418354310787,21.29372012447628,0.96354037023615224,0.036459629763843503,6.2450045135165055e-16,4.3067947844341128e-15,1.5207608702097857e-18,0.28486581469889921
E004,cifar10-test-00022,22,4,deer,4,0.25,584.03555555555749,569.62435572932634,14.411199826229499,0.97532479026465668,0.024675209735340514,5.4817261840867104e-16,2.8346982620710403e-15,9.5047554388111606e-20,0.28486581469889921
E004,cifar10-test-00022,22,4,deer,5,0.3125,584.03555555555749,573.78620003578067,10.249355519774454,0.98245080214332625,0.017549197856669644,6.4531713306337224e-16,4.0634730452005474e-15,4.7523777194055807e-19,0.28486581469889921
E004,cifar10-test-00022,22,4,deer,6,0.375,584.03555555555749,575.69827662740727,8.3372789281470254,0.98572470657164102,0.014275293428353483,5.8980598183211441e-16,5.4808221762360671e-15,5.7028532632866966e-19,0.28486581469889921
E004,cifar10-test-00022,22,4,deer,8,0.5,584.03555555555749,578.41619851599603,5.6193570395595671,0.99037839907843261,0.0096216009215641246,6.4618449480136064e-16,3.2483452187681023e-15,1.3781895386276183e-18,0.28486581469889921
E004,cifar10-test-00026,26,4,deer,2,0.125,747.62531334102232,448.85805713585899,298.76725620516237,0.60037835681349727,0.39962164318650145,7.0776717819853729e-16,1.2925433414169996e-15,1.8692427975742739e-17,0.75516255515461816
E004,cifar10-test-00026,26,4,deer,3,0.1875,747.62531334102232,608.0515539582932,139.57375938272909,0.81331054889113441,0.18668945110886559,6.6613381477509392e-16,3.8015980629911752e-17,3.8758480251589716e-17,0.75516255515461816
E004,cifar10-test-00026,26,4,deer,4,0.25,747.62531334102232,646.02017039695693,101.60514294406545,0.86409617072754308,0.13590382927245698,7.2858385991025898e-16,7.6031961259823504e-17,5.8286220301720168e-18,0.75516255515461816
E004,cifar10-test-00026,26,4,deer,5,0.3125,747.62531334102232,672.34416892821764,75.281144412804466,0.89930631953005336,0.10069368046994641,7.1123662515049091e-16,2.8511985472433814e-16,1.0469244665659291e-17,0.75516255515461816
E004,cifar10-test-00026,26,4,deer,6,0.375,747.62531334102232,698.65345289728236,48.971860443739487,0.93449678659903546,0.065503213400963906,6.6613381477509392e-16,6.2726368039354386e-16,1.2622493568525386e-18,0.75516255515461816
E004,cifar10-test-00026,26,4,deer,8,0.5,747.62531334102232,723.43736403539503,24.187949305626912,0.96764696315921261,0.032353036840786858,7.4940054162198066e-16,4.9895974576759171e-16,6.6082466329338782e-18,0.75516255515461816
E004,cifar10-test-00012,12,5,dog,2,0.125,751.83735486351702,569.74525205507803,182.09210280843627,0.7578038632551124,0.24219613674488402,6.852157730108388e-16,3.6290882431800603e-15,5.6113831885108356e-18,0.57077810462765677
E004,cifar10-test-00012,12,5,dog,3,0.1875,751.83735486351702,618.81832467769937,133.01903018581413,0.82307472576969132,0.17692527423030399,7.7715611723760958e-16,4.6875723141075784e-15,2.968126370764942e-17,0.57077810462765677
E004,cifar10-test-00012,12,5,dog,4,0.25,751.83735486351702,653.41166939907453,98.425685464438686,0.86908646553973101,0.13091353446026388,6.6960326172704754e-16,5.0656023394388348e-15,4.725375316640704e-18,0.57077810462765677
E004,cifar10-test-00012,12,5,dog,5,0.3125,751.83735486351702,682.20583840787799,69.631516455635364,0.90738486721203226,0.092615132787962837,6.3957086154919907e-16,4.8765873267732066e-15,2.3110038657945942e-17,0.57077810462765677
E004,cifar10-test-00012,12,5,dog,6,0.375,751.83735486351702,705.89434947682662,45.943005386686494,0.9388923613737834,0.061107638626211443,6.3837823915946501e-16,5.1979128483047746e-15,1.5283635789759776e-17,0.57077810462765677
E004,cifar10-test-00012,12,5,dog,8,0.5,751.83735486351702,724.99369381795009,26.843661045563572,0.96429592002589448,0.035704079974101008,6.3837823915946501e-16,4.4702050495421055e-15,3.8393674447705717e-18,0.57077810462765677
E004,cifar10-test-00016,16,5,dog,2,0.125,1101.5494963475614,718.94200456135923,382.60749178619835,0.65266427604494881,0.34733572395504764,7.7715611723760958e-16,3.5090138893907196e-15,5.0595271497993488e-17,0.87204056360475635
E004,cifar10-test-00016,16,5,dog,3,0.1875,1101.5494963475614,853.33333042795903,248.21616591959895,0.77466635249471794,0.22533364750527893,7.2164496600635175e-16,3.1477918713652045e-15,8.0629914737838222e-18,0.87204056360475635
E004,cifar10-test-00016,16,5,dog,4,0.25,1101.5494963475614,913.31872008792061,188.23077625963617,0.82912181714597222,0.17087818285402356,7.7715611723760958e-16,4.2314579254417502e-15,4.4346453105811026e-18,0.87204056360475635
E004,cifar10-test-00016,16,5,dog,5,0.3125,1101.5494963475614,971.25402908332876,130.29546726422939,0.88171619369237875,0.11828380630761824,8.4654505627668186e-16,2.9929824350685551e-15,4.8377948842702941e-18,0.87204056360475635
E004,cifar10-test-00016,16,5,dog,6,0.375,1101.5494963475614,997.65606834015125,103.89342800740579,0.90568428531637246,0.094315714683623514,8.0491169285323849e-16,3.9992437709967762e-15,4.2330705237365072e-18,0.87204056360475635
E004,cifar10-test-00016,16,5,dog,8,0.5,1101.5494963475614,1040.8025003948333,60.746995952723957,0.94485313991414033,0.055146860085855856,7.7021722333370235e-16,3.8379839415210999e-15,2.0157478684459558e-19,0.87204056360475635
E004,cifar10-test-00004,4,6,frog,2,0.125,406.47037293348768,226.42300232933007,180.04737060415687,0.5570467552044206,0.44295324479557757,5.5511151231257827e-16,1.8180032159722101e-15,4.0799914420950854e-17,0.62139131626547039
E004,cifar10-test-00004,4,6,frog,3,0.1875,406.47037293348768,258.04376851705274,148.42660441643471,0.6348402877551852,0.36515971224481431,5.2735593669694936e-16,5.5938560491452624e-16,2.8338015873965865e-18,0.62139131626547039
E004,cifar10-test-00004,4,6,frog,4,0.25,406.47037293348768,287.14170692512027,119.32866600836627,0.70642714954308949,0.29357285045690767,5.8286708792820718e-16,2.7969280245726309e-15,3.6190719067956404e-18,0.62139131626547039
E004,cifar10-test-00004,4,6,frog,5,0.3125,406.47037293348768,322.48007632317319,83.990296610313436,0.79336674404051055,0.20663325595948684,5.2735593669694936e-16,2.5871584227296835e-15,1.3656875119983549e-18,0.62139131626547039
E004,cifar10-test-00004,4,6,frog,6,0.375,406.47037293348768,335.2810701915181,71.189302741969129,0.82485979918241525,0.17514020081758361,5.5511151231257827e-16,1.1187712098290525e-15,9.2183907059888967e-19,0.62139131626547039
E004,cifar10-test-00004,4,6,frog,8,0.5,406.47037293348768,357.75561731216067,48.714755621325324,0.88015176784041183,0.11984823215958401,5.2735593669694936e-16,4.1604304365517884e-15,6.691868808791939e-18,0.62139131626547039
E004,cifar10-test-00005,5,6,frog,2,0.125,550.60865820838194,427.72424013887291,122.88441806950766,0.77682076691390767,0.22317923308608986,6.3837823915946501e-16,2.4776981478977846e-15,7.0572457012062551e-19,0.56042515125689829
E004,cifar10-test-00005,5,6,frog,3,0.1875,550.60865820838194,456.96827506355191,93.640383144829002,0.82993296282422224,0.17006703717577595,5.8286708792820718e-16,1.8582736109233387e-15,4.4863919100525484e-18,0.56042515125689829
E004,cifar10-test-00005,5,6,frog,4,0.25,550.60865820838194,479.53798817097282,71.070670037408078,0.87092344267039856,0.12907655732959952,5.9674487573602164e-16,1.8840829666306073e-15,7.3975057618001289e-18,0.56042515125689829
E004,cifar10-test-00005,5,6,frog,5,0.3125,550.60865820838194,497.83901819859489,52.769640009785803,0.90416126004721131,0.095838739952786467,6.3837823915946501e-16,2.2712233022396361e-15,1.0585868551809384e-18,0.56042515125689829
E004,cifar10-test-00005,5,6,frog,6,0.375,550.60865820838194,505.44988492560731,45.158773282773879,0.91798390270556918,0.082016097294429408,6.6613381477509392e-16,1.3678958524852354e-15,1.6130847317042871e-18,0.56042515125689829
E004,cifar10-test-00005,5,6,frog,8,0.5,550.60865820838194,524.21566475292116,26.392993455460239,0.95206578563195754,0.04793421436804144,6.8001160258290838e-16,9.8720785580302363e-16,1.411449140241251e-18,0.56042515125689829
E004,cifar10-test-00013,13,7,horse,2,0.125,1566.8661591695482,1081.9250696310419,484.94108953850775,0.69050254439375414,0.30949745560624686,9.1246454836380053e-16,9.4323875828955466e-16,7.528479422195402e-18,0.88551141955294987
E004,cifar10-test-00013,13,7,horse,3,0.1875,1566.8661591695482,1299.3404891256305,267.52567004391801,0.82926067521573865,0.1707393247842616,9.0205620750793969e-16,2.1767048268220494e-16,7.7941904606258275e-19,0.88551141955294987
E004,cifar10-test-00013,13,7,horse,4,0.25,1566.8661591695482,1345.6159610666173,221.25019810293128,0.85879444979512787,0.14120555020487244,8.6389229103644993e-16,2.5394889646257244e-16,2.7633947996764298e-18,0.88551141955294987
E004,cifar10-test-00013,13,7,horse,5,0.3125,1566.8661591695482,1397.1546877206581,169.71147144888846,0.89168732092673542,0.10831267907326361,8.81239525796218e-16,1.0157955858502898e-15,1.6296943690399459e-18,0.88551141955294987
E004,cifar10-test-00013,13,7,horse,6,0.375,1566.8661591695482,1449.055904625016,117.810254544534,0.92481153935510829,0.07518846064489286,8.8817841970012523e-16,1.1518396375266677e-15,4.6056579994607163e-18,0.88551141955294987
E004,cifar10-test-00013,13,7,horse,8,0.5,1566.8661591695482,1497.3684185414304,69.497740628119089,0.95564538794752441,0.044354612052476428,1.0130785099704553e-15,8.5254272383863597e-16,5.6685021531824199e-19,0.88551141955294987
E004,cifar10-test-00017,17,7,horse,2,0.125,543.63189542483792,213.48249702572298,330.14939839911295,0.3926967840231127,0.60730321597688364,6.106226635438361e-16,3.6596816280867938e-15,4.1865777553448259e-17,0.75582136311854176
E004,cifar10-test-00017,17,7,horse,3,0.1875,543.63189542483792,318.66866922577339,224.96322619906303,0.58618464425590766,0.41381535574408962,7.2164496600635175e-16,2.7709018041228583e-15,4.4929127130529836e-18,0.75582136311854176
E004,cifar10-test-00017,17,7,horse,4,0.25,543.63189542483792,378.40612418893875,165.22577123589718,0.69607049802186749,0.30392950197812879,6.6613381477509392e-16,3.6596816280867938e-15,3.2675728822203516e-18,0.75582136311854176
E004,cifar10-test-00017,17,7,horse,5,0.3125,543.63189542483792,421.84781944016981,121.78407598466656,0.77598062768282539,0.22401937231717178,5.8286708792820718e-16,2.8493235532961465e-15,3.0225049160538251e-17,0.75582136311854176
E004,cifar10-test-00017,17,7,horse,6,0.375,543.63189542483792,459.52759893000791,84.104296494827864,0.84529182852837559,0.15470817147162044,5.2735593669694936e-16,3.9472280417221847e-15,1.0211165256938599e-17,0.75582136311854176
E004,cifar10-test-00017,17,7,horse,8,0.5,543.63189542483792,496.75060925334316,46.881286171493599,0.9137628116266836,0.086237188373314205,5.6898930012039273e-16,2.1435278107365507e-15,5.9224758490243873e-18,0.75582136311854176
E004,cifar10-test-00001,1,8,ship,2,0.125,1310.1143252595141,976.90407012403443,333.21025513548039,0.74566322288745623,0.25433677711254432,8.8817841970012523e-16,5.6404577138268171e-16,8.8979576314876172e-19,0.81895910384191295
E004,cifar10-test-00001,1,8,ship,3,0.1875,1310.1143252595141,1050.7832121997631,259.33111305975171,0.80205459320629791,0.19794540679370259,8.6042284408449632e-16,5.2065763512247538e-16,1.4448588344463225e-17,0.81895910384191295
E004,cifar10-test-00001,1,8,ship,4,0.25,1310.1143252595141,1131.2853913552947,178.82893390422095,0.8635012758380487,0.13649872416195252,7.9797279894933126e-16,1.1714796790255697e-15,2.2880462480968159e-18,0.81895910384191295
E004,cifar10-test-00001,1,8,ship,5,0.3125,1310.1143252595141,1176.8431878229169,133.27113743659783,0.89827518494601744,0.10172481505398302,9.1940344226770776e-16,4.7726949886226916e-16,4.1523802280275548e-18,0.81895910384191295
E004,cifar10-test-00001,1,8,ship,6,0.375,1310.1143252595141,1198.1723043392797,111.94202092023696,0.91455553247380883,0.085444467526193113,8.6042284408449632e-16,1.9307720635791799e-15,1.0592806704151925e-18,0.81895910384191295
E004,cifar10-test-00001,1,8,ship,8,0.5,1310.1143252595141,1254.6218384191766,55.492486840339168,0.95764301956675024,0.042356980433251069,1.0200174038743626e-15,1.2691029856110338e-15,6.3556840224911548e-18,0.81895910384191295
E004,cifar10-test-00002,2,8,ship,2,0.125,816.51106497501132,570.39085173405465,246.12021324095463,0.69857087821768959,0.30142912178230791,7.2164496600635175e-16,2.5062282273562526e-15,3.4944696963463373e-17,0.72673877692548083
E004,cifar10-test-00002,2,8,ship,3,0.1875,816.51106497501132,652.13358075608744,164.37748421892121,0.79868309044415153,0.20131690955584522,7.7715611723760958e-16,3.2720201857151074e-15,2.2707254447075421e-17,0.72673877692548083
E004,cifar10-test-00002,2,8,ship,4,0.25,816.51106497501132,681.94651982002551,134.56454515498439,0.83519568695728075,0.16480431304271748,7.2164496600635175e-16,1.7404362689973976e-15,1.5772703687788915e-17,0.72673877692548083
E004,cifar10-test-00002,2,8,ship,5,0.3125,816.51106497501132,715.02147484604109,101.48959012896776,0.87570334992082899,0.12429665007916797,7.3031858338623579e-16,3.0283591080554716e-15,1.3325215184511325e-17,0.72673877692548083
E004,cifar10-test-00002,2,8,ship,6,0.375,816.51106497501132,733.86678288195913,82.644282093049043,0.89878363486037816,0.10121636513961793,7.3552275381416621e-16,3.8637685171742225e-15,1.4548959436150121e-17,0.72673877692548083
E004,cifar10-test-00002,2,8,ship,8,0.5,816.51106497501132,763.51385265346005,52.997212321548844,0.93509308741189778,0.064906912588099192,7.6327832942979512e-16,2.97614601998555e-15,1.3597158351542169e-18,0.72673877692548083
E004,cifar10-test-00011,11,9,truck,2,0.125,784.25011918493055,420.01060172530867,364.23951745962023,0.53555694981828605,0.46444305018171189,6.9388939039072284e-16,2.1019558768785045e-15,1.2174582799808149e-17,0.72194183613940277
E004,cifar10-test-00011,11,9,truck,3,0.1875,784.25011918493055,541.26154451729258,242.9885746676357,0.69016444024238666,0.30983555975761051,6.9388939039072284e-16,2.8992494853496614e-15,1.6987789953220674e-18,0.72194183613940277
E004,cifar10-test-00011,11,9,truck,4,0.25,784.25011918493055,606.84961540452127,177.40050378040723,0.77379601298016853,0.22620398701982883,6.9388939039072284e-16,2.6093245368146952e-15,2.9870197334413018e-17,0.72194183613940277
E004,cifar10-test-00011,11,9,truck,5,0.3125,784.25011918493055,658.41760185065209,125.83251733427591,0.8395505282612441,0.16044947173875265,7.6327832942979512e-16,3.2616556710183692e-15,9.0601546417176926e-18,0.72194183613940277
E004,cifar10-test-00011,11,9,truck,6,0.375,784.25011918493055,674.799717512386,109.45040167254174,0.86043941977809824,0.13956058022189821,6.6613381477509392e-16,3.5878212381202058e-15,1.1466758218423954e-17,0.72194183613940277
E004,cifar10-test-00011,11,9,truck,8,0.5,784.25011918493055,711.02891053256485,73.22120865236505,0.90663538728121029,0.093364612718788861,7.4940054162198066e-16,8.3353422703802766e-16,1.0228065201001613e-17,0.72194183613940277
E004,cifar10-test-00014,14,9,truck,2,0.125,633.99197231834,217.89184305783982,416.1001292604995,0.34368233758712641,0.65631766241287248,6.6613381477509392e-16,1.0759142956264273e-15,3.4147670515487195e-18,0.90060508800732952
E004,cifar10-test-00014,14,9,truck,3,0.1875,633.99197231834,338.96985467256388,295.02211764577521,0.53465953745919104,0.46534046254080758,6.106226635438361e-16,1.4345523941685698e-15,2.6267438858067072e-18,0.90060508800732952
E004,cifar10-test-00014,14,9,truck,4,0.25,633.99197231834,425.32222331003965,208.66974900829877,0.67086373626269968,0.32913626373729782,7.4940054162198066e-16,2.5104666897949969e-15,7.6613363336028958e-19,0.90060508800732952
E004,cifar10-test-00014,14,9,truck,5,0.3125,633.99197231834,469.02562560756616,164.96634671077237,0.73979742029297979,0.26020257970701793,6.6613381477509392e-16,2.331147640523926e-15,1.0058240129401516e-17,0.90060508800732952
E004,cifar10-test-00014,14,9,truck,6,0.375,633.99197231834,512.46577122159874,121.52620109674034,0.80831586770357322,0.19168413229642536,6.6613381477509392e-16,1.4569672753274536e-15,7.0046503621512196e-19,0.90060508800732952
E004,cifar10-test-00014,14,9,truck,8,0.5,633.99197231834,551.50333836517211,82.488633953165916,0.86989009710717802,0.13010990289281885,7.4940054162198066e-16,3.1156684810848623e-15,1.3133719429033536e-18,0.90060508800732952
